recorded_time,temperature,sensor_type
2022-01-31T00:00,0.7748663101604265,UNKNOWN
2022-01-31T00:01,0.7748663101604265,UNKNOWN
2022-01-31T00:02,0.7748663101604265,UNKNOWN
2022-01-31T00:03,0.7748663101604265,UNKNOWN
2022-01-31T00:04,0.7748663101604265,UNKNOWN
2022-01-31T00:05,0.7748663101604265,UNKNOWN
2022-01-31T00:06,0.7748663101604265,UNKNOWN
2022-01-31T00:07,0.7748663101604265,UNKNOWN
2022-01-31T00:08,0.7748663101604265,UNKNOWN
2022-01-31T00:09,0.7748663101604265,UNKNOWN
2022-01-31T00:10,0.7748663101604265,UNKNOWN
2022-01-31T00:11,0.7748663101604265,UNKNOWN
2022-01-31T00:12,0.6748663101604322,UNKNOWN
2022-01-31T00:13,0.5748663101604308,UNKNOWN
2022-01-31T00:14,0.47486631016042935,UNKNOWN
2022-01-31T00:15,0.37486631016042793,UNKNOWN
2022-01-31T00:16,0.2748663101604265,UNKNOWN
2022-01-31T00:17,0.2748663101604265,UNKNOWN
2022-01-31T00:18,0.2748663101604265,UNKNOWN
2022-01-31T00:19,0.2748663101604265,UNKNOWN
2022-01-31T00:20,0.1748663101604322,UNKNOWN
2022-01-31T00:21,0.1748663101604322,UNKNOWN
2022-01-31T00:22,0.1748663101604322,UNKNOWN
2022-01-31T00:23,0.1748663101604322,UNKNOWN
2022-01-31T00:24,0.1748663101604322,UNKNOWN
2022-01-31T00:25,0.1748663101604322,UNKNOWN
2022-01-31T00:26,0.2748663101604265,UNKNOWN
2022-01-31T00:27,0.2748663101604265,UNKNOWN
2022-01-31T00:28,0.2748663101604265,UNKNOWN
2022-01-31T00:29,0.37486631016042793,UNKNOWN
2022-01-31T00:30,0.37486631016042793,UNKNOWN
2022-01-31T00:31,0.37486631016042793,UNKNOWN
2022-01-31T00:32,0.47486631016042935,UNKNOWN
2022-01-31T00:33,0.47486631016042935,UNKNOWN
2022-01-31T00:34,0.37486631016042793,UNKNOWN
2022-01-31T00:35,0.37486631016042793,UNKNOWN
2022-01-31T00:36,0.2748663101604265,UNKNOWN
2022-01-31T00:37,0.2748663101604265,UNKNOWN
2022-01-31T00:38,0.47486631016042935,UNKNOWN
2022-01-31T00:39,0.5748663101604308,UNKNOWN
2022-01-31T00:40,0.6748663101604322,UNKNOWN
2022-01-31T00:41,0.7748663101604265,UNKNOWN
2022-01-31T00:42,0.7748663101604265,UNKNOWN
2022-01-31T00:43,0.7748663101604265,UNKNOWN
2022-01-31T00:44,0.7748663101604265,UNKNOWN
2022-01-31T00:45,0.7748663101604265,UNKNOWN
2022-01-31T00:46,0.7748663101604265,UNKNOWN
2022-01-31T00:47,0.6748663101604322,UNKNOWN
2022-01-31T00:48,0.6748663101604322,UNKNOWN
2022-01-31T00:49,0.6748663101604322,UNKNOWN
2022-01-31T00:50,0.6748663101604322,UNKNOWN
2022-01-31T00:51,0.5748663101604308,UNKNOWN
2022-01-31T00:52,0.5748663101604308,UNKNOWN
2022-01-31T00:53,0.5748663101604308,UNKNOWN
2022-01-31T00:54,0.5748663101604308,UNKNOWN
2022-01-31T00:55,0.5748663101604308,UNKNOWN
2022-01-31T00:56,0.5748663101604308,UNKNOWN
2022-01-31T00:57,0.5748663101604308,UNKNOWN
2022-01-31T00:58,0.5748663101604308,UNKNOWN
2022-01-31T00:59,0.47486631016042935,UNKNOWN
2022-01-31T01:00,0.47486631016042935,UNKNOWN
2022-01-31T01:01,0.47486631016042935,UNKNOWN
2022-01-31T01:02,0.47486631016042935,UNKNOWN
2022-01-31T01:03,0.47486631016042935,UNKNOWN
2022-01-31T01:04,0.47486631016042935,UNKNOWN
2022-01-31T01:05,0.47486631016042935,UNKNOWN
2022-01-31T01:06,0.37486631016042793,UNKNOWN
2022-01-31T01:07,0.37486631016042793,UNKNOWN
2022-01-31T01:08,0.37486631016042793,UNKNOWN
2022-01-31T01:09,0.2748663101604265,UNKNOWN
2022-01-31T01:10,0.2748663101604265,UNKNOWN
2022-01-31T01:11,0.2748663101604265,UNKNOWN
2022-01-31T01:12,0.2748663101604265,UNKNOWN
2022-01-31T01:13,0.07486631016043077,UNKNOWN
2022-01-31T01:14,-0.02513368983957065,UNKNOWN
2022-01-31T01:15,-0.02513368983957065,UNKNOWN
2022-01-31T01:16,-0.12513368983957207,UNKNOWN
2022-01-31T01:17,-0.12513368983957207,UNKNOWN
2022-01-31T01:18,-0.12513368983957207,UNKNOWN
2022-01-31T01:19,-0.02513368983957065,UNKNOWN
2022-01-31T01:20,-0.02513368983957065,UNKNOWN
2022-01-31T01:21,-0.02513368983957065,UNKNOWN
2022-01-31T01:22,-0.02513368983957065,UNKNOWN
2022-01-31T01:23,-0.02513368983957065,UNKNOWN
2022-01-31T01:24,-0.02513368983957065,UNKNOWN
2022-01-31T01:25,-0.02513368983957065,UNKNOWN
2022-01-31T01:26,-0.02513368983957065,UNKNOWN
2022-01-31T01:27,-0.02513368983957065,UNKNOWN
2022-01-31T01:28,-0.02513368983957065,UNKNOWN
2022-01-31T01:29,-0.02513368983957065,UNKNOWN
2022-01-31T01:30,-0.02513368983957065,UNKNOWN
2022-01-31T01:31,-0.02513368983957065,UNKNOWN
2022-01-31T01:32,-0.02513368983957065,UNKNOWN
2022-01-31T01:33,-0.02513368983957065,UNKNOWN
2022-01-31T01:34,-0.02513368983957065,UNKNOWN
2022-01-31T01:35,-0.02513368983957065,UNKNOWN
2022-01-31T01:36,-0.02513368983957065,UNKNOWN
2022-01-31T01:37,-0.02513368983957065,UNKNOWN
2022-01-31T01:38,-0.12513368983957207,UNKNOWN
2022-01-31T01:39,-0.2251336898395735,UNKNOWN
2022-01-31T01:40,-0.12513368983957207,UNKNOWN
2022-01-31T01:41,-0.02513368983957065,UNKNOWN
2022-01-31T01:42,-0.02513368983957065,UNKNOWN
2022-01-31T01:43,-0.02513368983957065,UNKNOWN
2022-01-31T01:44,-0.2251336898395735,UNKNOWN
2022-01-31T01:45,-0.5251336898395706,UNKNOWN
2022-01-31T01:46,-0.6251336898395721,UNKNOWN
2022-01-31T01:47,-0.6251336898395721,UNKNOWN
2022-01-31T01:48,-0.5251336898395706,UNKNOWN
2022-01-31T01:49,-0.5251336898395706,UNKNOWN
2022-01-31T01:50,-0.3251336898395678,UNKNOWN
2022-01-31T01:51,-0.2251336898395735,UNKNOWN
2022-01-31T01:52,-0.12513368983957207,UNKNOWN
2022-01-31T01:53,-0.02513368983957065,UNKNOWN
2022-01-31T01:54,0.07486631016043077,UNKNOWN
2022-01-31T01:55,0.1748663101604322,UNKNOWN
2022-01-31T01:56,0.2748663101604265,UNKNOWN
2022-01-31T01:57,0.2748663101604265,UNKNOWN
2022-01-31T01:58,0.37486631016042793,UNKNOWN
2022-01-31T01:59,0.47486631016042935,UNKNOWN
2022-01-31T02:00,0.47486631016042935,UNKNOWN
2022-01-31T02:01,0.5748663101604308,UNKNOWN
2022-01-31T02:02,0.5748663101604308,UNKNOWN
2022-01-31T02:03,0.6748663101604322,UNKNOWN
2022-01-31T02:04,0.7748663101604265,UNKNOWN
2022-01-31T02:05,0.7748663101604265,UNKNOWN
2022-01-31T02:06,0.7748663101604265,UNKNOWN
2022-01-31T02:07,0.8748663101604279,UNKNOWN
2022-01-31T02:08,0.8748663101604279,UNKNOWN
2022-01-31T02:09,0.9748663101604294,UNKNOWN
2022-01-31T02:10,1.0748663101604308,UNKNOWN
2022-01-31T02:11,1.0748663101604308,UNKNOWN
2022-01-31T02:12,1.0748663101604308,UNKNOWN
2022-01-31T02:13,1.0748663101604308,UNKNOWN
2022-01-31T02:14,1.1748663101604322,UNKNOWN
2022-01-31T02:15,1.1748663101604322,UNKNOWN
2022-01-31T02:16,1.2748663101604265,UNKNOWN
2022-01-31T02:17,1.1748663101604322,UNKNOWN
2022-01-31T02:18,0.9748663101604294,UNKNOWN
2022-01-31T02:19,0.6748663101604322,UNKNOWN
2022-01-31T02:20,0.47486631016042935,UNKNOWN
2022-01-31T02:21,0.2748663101604265,UNKNOWN
2022-01-31T02:22,0.1748663101604322,UNKNOWN
2022-01-31T02:23,0.07486631016043077,UNKNOWN
2022-01-31T02:24,-0.02513368983957065,UNKNOWN
2022-01-31T02:25,-0.12513368983957207,UNKNOWN
2022-01-31T02:26,-0.2251336898395735,UNKNOWN
2022-01-31T02:27,-0.2251336898395735,UNKNOWN
2022-01-31T02:28,-0.2251336898395735,UNKNOWN
2022-01-31T02:29,-0.3251336898395678,UNKNOWN
2022-01-31T02:30,-0.3251336898395678,UNKNOWN
2022-01-31T02:31,-0.42513368983956923,UNKNOWN
2022-01-31T02:32,-0.42513368983956923,UNKNOWN
2022-01-31T02:33,-0.42513368983956923,UNKNOWN
2022-01-31T02:34,-0.5251336898395706,UNKNOWN
2022-01-31T02:35,-0.5251336898395706,UNKNOWN
2022-01-31T02:36,-0.5251336898395706,UNKNOWN
2022-01-31T02:37,-0.5251336898395706,UNKNOWN
2022-01-31T02:38,-0.6251336898395721,UNKNOWN
2022-01-31T02:39,-0.6251336898395721,UNKNOWN
2022-01-31T02:40,-0.6251336898395721,UNKNOWN
2022-01-31T02:41,-0.7251336898395699,UNKNOWN
2022-01-31T02:42,-0.6251336898395721,UNKNOWN
2022-01-31T02:43,-0.5251336898395706,UNKNOWN
2022-01-31T02:44,-0.3251336898395678,UNKNOWN
2022-01-31T02:45,-0.2251336898395735,UNKNOWN
2022-01-31T02:46,-0.12513368983957207,UNKNOWN
2022-01-31T02:47,-0.02513368983957065,UNKNOWN
2022-01-31T02:48,0.07486631016043077,UNKNOWN
2022-01-31T02:49,0.1748663101604322,UNKNOWN
2022-01-31T02:50,0.2748663101604265,UNKNOWN
2022-01-31T02:51,0.37486631016042793,UNKNOWN
2022-01-31T02:52,0.47486631016042935,UNKNOWN
2022-01-31T02:53,0.5748663101604308,UNKNOWN
2022-01-31T02:54,0.6748663101604322,UNKNOWN
2022-01-31T02:55,0.7748663101604265,UNKNOWN
2022-01-31T02:56,0.7748663101604265,UNKNOWN
2022-01-31T02:57,0.8748663101604279,UNKNOWN
2022-01-31T02:58,0.8748663101604279,UNKNOWN
2022-01-31T02:59,0.9748663101604294,UNKNOWN
2022-01-31T03:00,0.9748663101604294,UNKNOWN
2022-01-31T03:01,0.9748663101604294,UNKNOWN
2022-01-31T03:02,1.0748663101604308,UNKNOWN
2022-01-31T03:03,1.0748663101604308,UNKNOWN
2022-01-31T03:04,1.0748663101604308,UNKNOWN
2022-01-31T03:05,1.0748663101604308,UNKNOWN
2022-01-31T03:06,1.0748663101604308,UNKNOWN
2022-01-31T03:07,1.1748663101604322,UNKNOWN
2022-01-31T03:08,0.9748663101604294,UNKNOWN
2022-01-31T03:09,0.9748663101604294,UNKNOWN
2022-01-31T03:10,0.9748663101604294,UNKNOWN
2022-01-31T03:11,0.9748663101604294,UNKNOWN
2022-01-31T03:12,1.0748663101604308,UNKNOWN
2022-01-31T03:13,1.0748663101604308,UNKNOWN
2022-01-31T03:14,1.0748663101604308,UNKNOWN
2022-01-31T03:15,1.0748663101604308,UNKNOWN
2022-01-31T03:16,1.1748663101604322,UNKNOWN
2022-01-31T03:17,1.1748663101604322,UNKNOWN
2022-01-31T03:18,1.1748663101604322,UNKNOWN
2022-01-31T03:19,1.1748663101604322,UNKNOWN
2022-01-31T03:20,1.2748663101604265,UNKNOWN
2022-01-31T03:21,1.2748663101604265,UNKNOWN
2022-01-31T03:22,1.374866310160428,UNKNOWN
2022-01-31T03:23,1.374866310160428,UNKNOWN
2022-01-31T03:24,1.4748663101604294,UNKNOWN
2022-01-31T03:25,1.4748663101604294,UNKNOWN
2022-01-31T03:26,1.4748663101604294,UNKNOWN
2022-01-31T03:27,1.5748663101604308,UNKNOWN
2022-01-31T03:28,1.5748663101604308,UNKNOWN
2022-01-31T03:29,1.5748663101604308,UNKNOWN
2022-01-31T03:30,1.5748663101604308,UNKNOWN
2022-01-31T03:31,1.5748663101604308,UNKNOWN
2022-01-31T03:32,1.4748663101604294,UNKNOWN
2022-01-31T03:33,1.2748663101604265,UNKNOWN
2022-01-31T03:34,1.1748663101604322,UNKNOWN
2022-01-31T03:35,1.0748663101604308,UNKNOWN
2022-01-31T03:36,1.0748663101604308,UNKNOWN
2022-01-31T03:37,1.0748663101604308,UNKNOWN
2022-01-31T03:38,1.0748663101604308,UNKNOWN
2022-01-31T03:39,1.0748663101604308,UNKNOWN
2022-01-31T03:40,1.0748663101604308,UNKNOWN
2022-01-31T03:41,1.0748663101604308,UNKNOWN
2022-01-31T03:42,1.0748663101604308,UNKNOWN
2022-01-31T03:43,1.0748663101604308,UNKNOWN
2022-01-31T03:44,1.0748663101604308,UNKNOWN
2022-01-31T03:45,1.0748663101604308,UNKNOWN
2022-01-31T03:46,1.0748663101604308,UNKNOWN
2022-01-31T03:47,1.0748663101604308,UNKNOWN
2022-01-31T03:48,1.0748663101604308,UNKNOWN
2022-01-31T03:49,1.0748663101604308,UNKNOWN
2022-01-31T03:50,1.0748663101604308,UNKNOWN
2022-01-31T03:51,1.0748663101604308,UNKNOWN
2022-01-31T03:52,1.0748663101604308,UNKNOWN
2022-01-31T03:53,1.0748663101604308,UNKNOWN
2022-01-31T03:54,1.0748663101604308,UNKNOWN
2022-01-31T03:55,1.0748663101604308,UNKNOWN
2022-01-31T03:56,1.0748663101604308,UNKNOWN
2022-01-31T03:57,1.0748663101604308,UNKNOWN
2022-01-31T03:58,1.0748663101604308,UNKNOWN
2022-01-31T03:59,0.9748663101604294,UNKNOWN
2022-01-31T04:00,0.9748663101604294,UNKNOWN
2022-01-31T04:01,0.9748663101604294,UNKNOWN
2022-01-31T04:02,0.9748663101604294,UNKNOWN
2022-01-31T04:03,0.9748663101604294,UNKNOWN
2022-01-31T04:04,0.9748663101604294,UNKNOWN
2022-01-31T04:05,0.9748663101604294,UNKNOWN
2022-01-31T04:06,0.9748663101604294,UNKNOWN
2022-01-31T04:07,0.9748663101604294,UNKNOWN
2022-01-31T04:08,0.8748663101604279,UNKNOWN
2022-01-31T04:09,0.8748663101604279,UNKNOWN
2022-01-31T04:10,0.8748663101604279,UNKNOWN
2022-01-31T04:11,0.8748663101604279,UNKNOWN
2022-01-31T04:12,0.8748663101604279,UNKNOWN
2022-01-31T04:13,0.8748663101604279,UNKNOWN
2022-01-31T04:14,0.7748663101604265,UNKNOWN
2022-01-31T04:15,0.7748663101604265,UNKNOWN
2022-01-31T04:16,0.7748663101604265,UNKNOWN
2022-01-31T04:17,0.7748663101604265,UNKNOWN
2022-01-31T04:18,0.7748663101604265,UNKNOWN
2022-01-31T04:19,0.6748663101604322,UNKNOWN
2022-01-31T04:20,0.6748663101604322,UNKNOWN
2022-01-31T04:21,0.6748663101604322,UNKNOWN
2022-01-31T04:22,0.6748663101604322,UNKNOWN
2022-01-31T04:23,0.6748663101604322,UNKNOWN
2022-01-31T04:24,0.6748663101604322,UNKNOWN
2022-01-31T04:25,0.6748663101604322,UNKNOWN
2022-01-31T04:26,0.6748663101604322,UNKNOWN
2022-01-31T04:27,0.6748663101604322,UNKNOWN
2022-01-31T04:28,0.6748663101604322,UNKNOWN
2022-01-31T04:29,0.5748663101604308,UNKNOWN
2022-01-31T04:30,0.47486631016042935,UNKNOWN
2022-01-31T04:31,0.2748663101604265,UNKNOWN
2022-01-31T04:32,0.2748663101604265,UNKNOWN
2022-01-31T04:33,0.37486631016042793,UNKNOWN
2022-01-31T04:34,0.47486631016042935,UNKNOWN
2022-01-31T04:35,0.5748663101604308,UNKNOWN
2022-01-31T04:36,0.6748663101604322,UNKNOWN
2022-01-31T04:37,0.7748663101604265,UNKNOWN
2022-01-31T04:38,0.7748663101604265,UNKNOWN
2022-01-31T04:39,0.8748663101604279,UNKNOWN
2022-01-31T04:40,0.9748663101604294,UNKNOWN
2022-01-31T04:41,1.0748663101604308,UNKNOWN
2022-01-31T04:42,1.0748663101604308,UNKNOWN
2022-01-31T04:43,1.0748663101604308,UNKNOWN
2022-01-31T04:44,1.1748663101604322,UNKNOWN
2022-01-31T04:45,1.1748663101604322,UNKNOWN
2022-01-31T04:46,1.1748663101604322,UNKNOWN
2022-01-31T04:47,1.1748663101604322,UNKNOWN
2022-01-31T04:48,1.2748663101604265,UNKNOWN
2022-01-31T04:49,1.0748663101604308,UNKNOWN
2022-01-31T04:50,1.0748663101604308,UNKNOWN
2022-01-31T04:51,0.9748663101604294,UNKNOWN
2022-01-31T04:52,0.9748663101604294,UNKNOWN
2022-01-31T04:53,1.0748663101604308,UNKNOWN
2022-01-31T04:54,1.0748663101604308,UNKNOWN
2022-01-31T04:55,1.0748663101604308,UNKNOWN
2022-01-31T04:56,1.0748663101604308,UNKNOWN
2022-01-31T04:57,1.0748663101604308,UNKNOWN
2022-01-31T04:58,1.0748663101604308,UNKNOWN
2022-01-31T04:59,1.0748663101604308,UNKNOWN
2022-01-31T05:00,1.0748663101604308,UNKNOWN
2022-01-31T05:01,1.1748663101604322,UNKNOWN
2022-01-31T05:02,1.2748663101604265,UNKNOWN
2022-01-31T05:03,1.2748663101604265,UNKNOWN
2022-01-31T05:04,1.374866310160428,UNKNOWN
2022-01-31T05:05,1.374866310160428,UNKNOWN
2022-01-31T05:06,1.374866310160428,UNKNOWN
2022-01-31T05:07,1.374866310160428,UNKNOWN
2022-01-31T05:08,1.374866310160428,UNKNOWN
2022-01-31T05:09,1.374866310160428,UNKNOWN
2022-01-31T05:10,1.374866310160428,UNKNOWN
2022-01-31T05:11,1.374866310160428,UNKNOWN
2022-01-31T05:12,1.374866310160428,UNKNOWN
2022-01-31T05:13,1.374866310160428,UNKNOWN
2022-01-31T05:14,1.4748663101604294,UNKNOWN
2022-01-31T05:15,1.4748663101604294,UNKNOWN
2022-01-31T05:16,1.2748663101604265,UNKNOWN
2022-01-31T05:17,1.1748663101604322,UNKNOWN
2022-01-31T05:18,1.2748663101604265,UNKNOWN
2022-01-31T05:19,1.2748663101604265,UNKNOWN
2022-01-31T05:20,1.2748663101604265,UNKNOWN
2022-01-31T05:21,1.2748663101604265,UNKNOWN
2022-01-31T05:22,1.2748663101604265,UNKNOWN
2022-01-31T05:23,1.2748663101604265,UNKNOWN
2022-01-31T05:24,1.2748663101604265,UNKNOWN
2022-01-31T05:25,1.2748663101604265,UNKNOWN
2022-01-31T05:26,1.2748663101604265,UNKNOWN
2022-01-31T05:27,1.2748663101604265,UNKNOWN
2022-01-31T05:28,1.2748663101604265,UNKNOWN
2022-01-31T05:29,1.2748663101604265,UNKNOWN
2022-01-31T05:30,1.2748663101604265,UNKNOWN
2022-01-31T05:31,1.2748663101604265,UNKNOWN
2022-01-31T05:32,1.2748663101604265,UNKNOWN
2022-01-31T05:33,1.2748663101604265,UNKNOWN
2022-01-31T05:34,1.2748663101604265,UNKNOWN
2022-01-31T05:35,1.2748663101604265,UNKNOWN
2022-01-31T05:36,1.2748663101604265,UNKNOWN
2022-01-31T05:37,1.2748663101604265,UNKNOWN
2022-01-31T05:38,1.1748663101604322,UNKNOWN
2022-01-31T05:39,0.8748663101604279,UNKNOWN
2022-01-31T05:40,0.6748663101604322,UNKNOWN
2022-01-31T05:41,0.47486631016042935,UNKNOWN
2022-01-31T05:42,0.37486631016042793,UNKNOWN
2022-01-31T05:43,0.47486631016042935,UNKNOWN
2022-01-31T05:44,0.47486631016042935,UNKNOWN
2022-01-31T05:45,-0.02513368983957065,UNKNOWN
2022-01-31T05:46,-0.3251336898395678,UNKNOWN
2022-01-31T05:47,-0.5251336898395706,UNKNOWN
2022-01-31T05:48,-0.6251336898395721,UNKNOWN
2022-01-31T05:49,-0.7251336898395699,UNKNOWN
2022-01-31T05:50,-1.0251336898395706,UNKNOWN
2022-01-31T05:51,-1.3251336898395714,UNKNOWN
2022-01-31T05:52,-1.625133689839572,UNKNOWN
2022-01-31T05:53,-1.8251336898395714,UNKNOWN
2022-01-31T05:54,-2.0251336898395706,UNKNOWN
2022-01-31T05:55,-2.22513368983957,UNKNOWN
2022-01-31T05:56,-2.3251336898395714,UNKNOWN
2022-01-31T05:57,-2.4251336898395692,UNKNOWN
2022-01-31T05:58,-2.5251336898395706,UNKNOWN
2022-01-31T05:59,-2.625133689839572,UNKNOWN
2022-01-31T06:00,-2.72513368983957,UNKNOWN
2022-01-31T06:01,-2.72513368983957,UNKNOWN
2022-01-31T06:02,-2.625133689839572,UNKNOWN
2022-01-31T06:03,-2.5251336898395706,UNKNOWN
2022-01-31T06:04,-2.4251336898395692,UNKNOWN
2022-01-31T06:05,-2.3251336898395714,UNKNOWN
2022-01-31T06:06,-2.22513368983957,UNKNOWN
2022-01-31T06:07,-2.22513368983957,UNKNOWN
2022-01-31T06:08,-1.8251336898395714,UNKNOWN
2022-01-31T06:09,-1.0251336898395706,UNKNOWN
2022-01-31T06:10,-0.42513368983956923,UNKNOWN
2022-01-31T06:11,-0.02513368983957065,UNKNOWN
2022-01-31T06:12,0.1748663101604322,UNKNOWN
2022-01-31T06:13,-0.12513368983957207,UNKNOWN
2022-01-31T06:14,-0.5251336898395706,UNKNOWN
2022-01-31T06:15,-0.6251336898395721,UNKNOWN
2022-01-31T06:16,-0.42513368983956923,UNKNOWN
2022-01-31T06:17,-0.3251336898395678,UNKNOWN
2022-01-31T06:18,-0.2251336898395735,UNKNOWN
2022-01-31T06:19,-0.42513368983956923,UNKNOWN
2022-01-31T06:20,-0.5251336898395706,UNKNOWN
2022-01-31T06:21,-0.3251336898395678,UNKNOWN
2022-01-31T06:22,-0.02513368983957065,UNKNOWN
2022-01-31T06:23,-0.2251336898395735,UNKNOWN
2022-01-31T06:24,-0.3251336898395678,UNKNOWN
2022-01-31T06:25,-0.42513368983956923,UNKNOWN
2022-01-31T06:26,-0.5251336898395706,UNKNOWN
2022-01-31T06:27,-0.6251336898395721,UNKNOWN
2022-01-31T06:28,-0.6251336898395721,UNKNOWN
2022-01-31T06:29,-0.6251336898395721,UNKNOWN
2022-01-31T06:30,-0.6251336898395721,UNKNOWN
2022-01-31T06:31,-0.6251336898395721,UNKNOWN
2022-01-31T06:32,-0.5251336898395706,UNKNOWN
2022-01-31T06:33,-0.42513368983956923,UNKNOWN
2022-01-31T06:34,-0.5251336898395706,UNKNOWN
2022-01-31T06:35,-0.7251336898395699,UNKNOWN
2022-01-31T06:36,-0.8251336898395714,UNKNOWN
2022-01-31T06:37,-0.8251336898395714,UNKNOWN
2022-01-31T06:38,-0.7251336898395699,UNKNOWN
2022-01-31T06:39,-0.7251336898395699,UNKNOWN
2022-01-31T06:40,-0.7251336898395699,UNKNOWN
2022-01-31T06:41,-0.8251336898395714,UNKNOWN
2022-01-31T06:42,-0.8251336898395714,UNKNOWN
2022-01-31T06:43,-0.9251336898395692,UNKNOWN
2022-01-31T06:44,-1.0251336898395706,UNKNOWN
2022-01-31T06:45,-1.0251336898395706,UNKNOWN
2022-01-31T06:46,-1.125133689839572,UNKNOWN
2022-01-31T06:47,-1.0251336898395706,UNKNOWN
2022-01-31T06:48,-1.0251336898395706,UNKNOWN
2022-01-31T06:49,-1.0251336898395706,UNKNOWN
2022-01-31T06:50,-1.0251336898395706,UNKNOWN
2022-01-31T06:51,-1.0251336898395706,UNKNOWN
2022-01-31T06:52,-1.0251336898395706,UNKNOWN
2022-01-31T06:53,-1.0251336898395706,UNKNOWN
2022-01-31T06:54,-1.0251336898395706,UNKNOWN
2022-01-31T06:55,-1.0251336898395706,UNKNOWN
2022-01-31T06:56,-1.0251336898395706,UNKNOWN
2022-01-31T06:57,-0.9251336898395692,UNKNOWN
2022-01-31T06:58,-1.8251336898395714,UNKNOWN
2022-01-31T06:59,-2.22513368983957,UNKNOWN
2022-01-31T07:01,-2.4251336898395692,UNKNOWN
2022-01-31T07:02,-2.5251336898395706,UNKNOWN
2022-01-31T07:03,-2.72513368983957,UNKNOWN
2022-01-31T07:04,-3.0251336898395706,UNKNOWN
2022-01-31T07:05,-3.22513368983957,UNKNOWN
2022-01-31T07:06,-3.22513368983957,UNKNOWN
2022-01-31T07:07,-3.3251336898395714,UNKNOWN
2022-01-31T07:08,-3.22513368983957,UNKNOWN
2022-01-31T07:09,-3.5251336898395706,UNKNOWN
2022-01-31T07:10,-3.72513368983957,UNKNOWN
2022-01-31T07:11,-3.8251336898395714,UNKNOWN
2022-01-31T07:12,-3.72513368983957,UNKNOWN
2022-01-31T07:13,-3.72513368983957,UNKNOWN
2022-01-31T07:14,-3.625133689839572,UNKNOWN
2022-01-31T07:15,-3.5251336898395706,UNKNOWN
2022-01-31T07:16,-3.5251336898395706,UNKNOWN
2022-01-31T07:17,-3.4251336898395692,UNKNOWN
2022-01-31T07:18,-3.4251336898395692,UNKNOWN
2022-01-31T07:19,-3.5251336898395706,UNKNOWN
2022-01-31T07:20,-3.72513368983957,UNKNOWN
2022-01-31T07:21,-3.9251336898395692,UNKNOWN
2022-01-31T07:22,-4.025133689839571,UNKNOWN
2022-01-31T07:23,-4.025133689839571,UNKNOWN
2022-01-31T07:24,-4.125133689839572,UNKNOWN
2022-01-31T07:25,-4.125133689839572,UNKNOWN
2022-01-31T07:26,-4.125133689839572,UNKNOWN
2022-01-31T07:27,-4.125133689839572,UNKNOWN
2022-01-31T07:28,-4.125133689839572,UNKNOWN
2022-01-31T07:29,-4.125133689839572,UNKNOWN
2022-01-31T07:30,-4.125133689839572,UNKNOWN
2022-01-31T07:31,-4.125133689839572,UNKNOWN
2022-01-31T07:32,-4.025133689839571,UNKNOWN
2022-01-31T07:33,-3.9251336898395692,UNKNOWN
2022-01-31T07:34,-3.9251336898395692,UNKNOWN
2022-01-31T07:35,-3.8251336898395714,UNKNOWN
2022-01-31T07:36,-3.8251336898395714,UNKNOWN
2022-01-31T07:37,-3.72513368983957,UNKNOWN
2022-01-31T07:38,-3.8251336898395714,UNKNOWN
2022-01-31T07:39,-3.625133689839572,UNKNOWN
2022-01-31T07:40,-3.3251336898395714,UNKNOWN
2022-01-31T07:41,-3.3251336898395714,UNKNOWN
2022-01-31T07:42,-3.4251336898395692,UNKNOWN
2022-01-31T07:43,-3.4251336898395692,UNKNOWN
2022-01-31T07:44,-3.5251336898395706,UNKNOWN
2022-01-31T07:45,-3.625133689839572,UNKNOWN
2022-01-31T07:46,-3.5251336898395706,UNKNOWN
2022-01-31T07:47,-3.4251336898395692,UNKNOWN
2022-01-31T07:48,-3.4251336898395692,UNKNOWN
2022-01-31T07:49,-3.4251336898395692,UNKNOWN
2022-01-31T07:50,-3.4251336898395692,UNKNOWN
2022-01-31T07:51,-3.4251336898395692,UNKNOWN
2022-01-31T07:52,-3.4251336898395692,UNKNOWN
2022-01-31T07:53,-3.4251336898395692,UNKNOWN
2022-01-31T07:54,-3.4251336898395692,UNKNOWN
2022-01-31T07:55,-3.4251336898395692,UNKNOWN
2022-01-31T07:56,-3.4251336898395692,UNKNOWN
2022-01-31T07:57,-3.5251336898395706,UNKNOWN
2022-01-31T07:58,-3.4251336898395692,UNKNOWN
2022-01-31T07:59,-3.4251336898395692,UNKNOWN
2022-01-31T08:00,-3.5251336898395706,UNKNOWN
2022-01-31T08:01,-3.5251336898395706,UNKNOWN
2022-01-31T08:02,-3.5251336898395706,UNKNOWN
2022-01-31T08:03,-3.5251336898395706,UNKNOWN
2022-01-31T08:04,-3.5251336898395706,UNKNOWN
2022-01-31T08:05,-3.5251336898395706,UNKNOWN
2022-01-31T08:06,-3.5251336898395706,UNKNOWN
2022-01-31T08:07,-3.5251336898395706,UNKNOWN
2022-01-31T08:08,-3.625133689839572,UNKNOWN
2022-01-31T08:09,-3.625133689839572,UNKNOWN
2022-01-31T08:10,-3.625133689839572,UNKNOWN
2022-01-31T08:11,-3.9251336898395692,UNKNOWN
2022-01-31T08:12,-4.025133689839571,UNKNOWN
2022-01-31T08:13,-4.125133689839572,UNKNOWN
2022-01-31T08:14,-4.125133689839572,UNKNOWN
2022-01-31T08:15,-4.325133689839571,UNKNOWN
2022-01-31T08:16,-4.425133689839569,UNKNOWN
2022-01-31T08:17,-4.425133689839569,UNKNOWN
2022-01-31T08:18,-4.325133689839571,UNKNOWN
2022-01-31T08:19,-4.22513368983957,UNKNOWN
2022-01-31T08:20,-4.125133689839572,UNKNOWN
2022-01-31T08:21,-3.9251336898395692,UNKNOWN
2022-01-31T08:22,-3.8251336898395714,UNKNOWN
2022-01-31T08:23,-3.72513368983957,UNKNOWN
2022-01-31T08:24,-3.72513368983957,UNKNOWN
2022-01-31T08:25,-3.72513368983957,UNKNOWN
2022-01-31T08:26,-3.625133689839572,UNKNOWN
2022-01-31T08:27,-3.625133689839572,UNKNOWN
2022-01-31T08:28,-3.5251336898395706,UNKNOWN
2022-01-31T08:29,-3.5251336898395706,UNKNOWN
2022-01-31T08:30,-3.5251336898395706,UNKNOWN
2022-01-31T08:31,-3.5251336898395706,UNKNOWN
2022-01-31T08:32,-3.4251336898395692,UNKNOWN
2022-01-31T08:33,-3.3251336898395714,UNKNOWN
2022-01-31T08:34,-3.125133689839572,UNKNOWN
2022-01-31T08:35,-3.125133689839572,UNKNOWN
2022-01-31T08:36,-3.125133689839572,UNKNOWN
2022-01-31T08:37,-3.125133689839572,UNKNOWN
2022-01-31T08:38,-3.125133689839572,UNKNOWN
2022-01-31T08:39,-3.125133689839572,UNKNOWN
2022-01-31T08:40,-3.125133689839572,UNKNOWN
2022-01-31T08:41,-3.125133689839572,UNKNOWN
2022-01-31T08:42,-3.125133689839572,UNKNOWN
2022-01-31T08:43,-3.0251336898395706,UNKNOWN
2022-01-31T08:44,-2.8251336898395714,UNKNOWN
2022-01-31T08:45,-2.8251336898395714,UNKNOWN
2022-01-31T08:46,-2.9251336898395692,UNKNOWN
2022-01-31T08:47,-2.8251336898395714,UNKNOWN
2022-01-31T08:48,-2.8251336898395714,UNKNOWN
2022-01-31T08:49,-2.72513368983957,UNKNOWN
2022-01-31T08:50,-2.72513368983957,UNKNOWN
2022-01-31T08:51,-2.8251336898395714,UNKNOWN
2022-01-31T08:52,-2.9251336898395692,UNKNOWN
2022-01-31T08:53,-2.9251336898395692,UNKNOWN
2022-01-31T08:54,-3.0251336898395706,UNKNOWN
2022-01-31T08:55,-3.0251336898395706,UNKNOWN
2022-01-31T08:56,-3.125133689839572,UNKNOWN
2022-01-31T08:57,-3.125133689839572,UNKNOWN
2022-01-31T08:58,-3.125133689839572,UNKNOWN
2022-01-31T08:59,-3.125133689839572,UNKNOWN
2022-01-31T09:00,-3.125133689839572,UNKNOWN
2022-01-31T09:01,-3.125133689839572,UNKNOWN
2022-01-31T09:02,-3.125133689839572,UNKNOWN
2022-01-31T09:03,-3.22513368983957,UNKNOWN
2022-01-31T09:04,-3.22513368983957,UNKNOWN
2022-01-31T09:05,-3.3251336898395714,UNKNOWN
2022-01-31T09:06,-3.22513368983957,UNKNOWN
2022-01-31T09:07,-3.22513368983957,UNKNOWN
2022-01-31T09:08,-3.22513368983957,UNKNOWN
2022-01-31T09:09,-3.125133689839572,UNKNOWN
2022-01-31T09:10,-3.22513368983957,UNKNOWN
2022-01-31T09:11,-3.125133689839572,UNKNOWN
2022-01-31T09:12,-3.125133689839572,UNKNOWN
2022-01-31T09:13,-3.125133689839572,UNKNOWN
2022-01-31T09:14,-3.0251336898395706,UNKNOWN
2022-01-31T09:15,-3.0251336898395706,UNKNOWN
2022-01-31T09:16,-3.0251336898395706,UNKNOWN
2022-01-31T09:17,-3.0251336898395706,UNKNOWN
2022-01-31T09:18,-3.0251336898395706,UNKNOWN
2022-01-31T09:19,-2.72513368983957,UNKNOWN
2022-01-31T09:20,-2.625133689839572,UNKNOWN
2022-01-31T09:21,-2.625133689839572,UNKNOWN
2022-01-31T09:22,-2.625133689839572,UNKNOWN
2022-01-31T09:23,-2.625133689839572,UNKNOWN
2022-01-31T09:24,-2.72513368983957,UNKNOWN
2022-01-31T09:25,-2.8251336898395714,UNKNOWN
2022-01-31T09:26,-2.8251336898395714,UNKNOWN
2022-01-31T09:27,-2.9251336898395692,UNKNOWN
2022-01-31T09:28,-2.9251336898395692,UNKNOWN
2022-01-31T09:29,-3.0251336898395706,UNKNOWN
2022-01-31T09:30,-3.125133689839572,UNKNOWN
2022-01-31T09:31,-3.125133689839572,UNKNOWN
2022-01-31T09:32,-3.125133689839572,UNKNOWN
2022-01-31T09:33,-3.125133689839572,UNKNOWN
2022-01-31T09:34,-3.125133689839572,UNKNOWN
2022-01-31T09:35,-3.0251336898395706,UNKNOWN
2022-01-31T09:36,-3.0251336898395706,UNKNOWN
2022-01-31T09:37,-3.125133689839572,UNKNOWN
2022-01-31T09:38,-3.22513368983957,UNKNOWN
2022-01-31T09:39,-3.3251336898395714,UNKNOWN
2022-01-31T09:40,-3.4251336898395692,UNKNOWN
2022-01-31T09:41,-3.5251336898395706,UNKNOWN
2022-01-31T09:42,-3.625133689839572,UNKNOWN
2022-01-31T09:43,-3.625133689839572,UNKNOWN
2022-01-31T09:44,-3.625133689839572,UNKNOWN
2022-01-31T09:45,-3.625133689839572,UNKNOWN
2022-01-31T09:46,-3.72513368983957,UNKNOWN
2022-01-31T09:47,-3.72513368983957,UNKNOWN
2022-01-31T09:48,-3.72513368983957,UNKNOWN
2022-01-31T09:49,-3.8251336898395714,UNKNOWN
2022-01-31T09:50,-3.9251336898395692,UNKNOWN
2022-01-31T09:51,-3.9251336898395692,UNKNOWN
2022-01-31T09:52,-3.9251336898395692,UNKNOWN
2022-01-31T09:53,-4.025133689839571,UNKNOWN
2022-01-31T09:54,-4.22513368983957,UNKNOWN
2022-01-31T09:55,-4.325133689839571,UNKNOWN
2022-01-31T09:56,-4.425133689839569,UNKNOWN
2022-01-31T09:57,-4.625133689839572,UNKNOWN
2022-01-31T09:58,-4.825133689839571,UNKNOWN
2022-01-31T09:59,-5.125133689839572,UNKNOWN
2022-01-31T10:00,-5.025133689839571,UNKNOWN
2022-01-31T10:01,-4.825133689839571,UNKNOWN
2022-01-31T10:02,-4.625133689839572,UNKNOWN
2022-01-31T10:03,-4.425133689839569,UNKNOWN
2022-01-31T10:04,-4.425133689839569,UNKNOWN
2022-01-31T10:05,-4.425133689839569,UNKNOWN
2022-01-31T10:06,-4.625133689839572,UNKNOWN
2022-01-31T10:07,-4.72513368983957,UNKNOWN
2022-01-31T10:08,-4.625133689839572,UNKNOWN
2022-01-31T10:09,-4.625133689839572,UNKNOWN
2022-01-31T10:10,-4.525133689839571,UNKNOWN
2022-01-31T10:11,-4.525133689839571,UNKNOWN
2022-01-31T10:12,-4.525133689839571,UNKNOWN
2022-01-31T10:13,-4.525133689839571,UNKNOWN
2022-01-31T10:14,-4.525133689839571,UNKNOWN
2022-01-31T10:15,-4.525133689839571,UNKNOWN
2022-01-31T10:16,-4.525133689839571,UNKNOWN
2022-01-31T10:17,-4.525133689839571,UNKNOWN
2022-01-31T10:18,-4.525133689839571,UNKNOWN
2022-01-31T10:19,-4.525133689839571,UNKNOWN
2022-01-31T10:20,-4.525133689839571,UNKNOWN
2022-01-31T10:21,-4.525133689839571,UNKNOWN
2022-01-31T10:22,-4.525133689839571,UNKNOWN
2022-01-31T10:23,-4.425133689839569,UNKNOWN
2022-01-31T10:24,-4.325133689839571,UNKNOWN
2022-01-31T10:25,-4.22513368983957,UNKNOWN
2022-01-31T10:26,-4.22513368983957,UNKNOWN
2022-01-31T10:27,-4.325133689839571,UNKNOWN
2022-01-31T10:28,-4.425133689839569,UNKNOWN
2022-01-31T10:29,-4.525133689839571,UNKNOWN
2022-01-31T10:30,-4.625133689839572,UNKNOWN
2022-01-31T10:31,-4.625133689839572,UNKNOWN
2022-01-31T10:32,-4.625133689839572,UNKNOWN
2022-01-31T10:33,-4.625133689839572,UNKNOWN
2022-01-31T10:34,-4.525133689839571,UNKNOWN
2022-01-31T10:35,-4.625133689839572,UNKNOWN
2022-01-31T10:36,-4.625133689839572,UNKNOWN
2022-01-31T10:37,-4.72513368983957,UNKNOWN
2022-01-31T10:38,-4.72513368983957,UNKNOWN
2022-01-31T10:39,-4.825133689839571,UNKNOWN
2022-01-31T10:40,-4.925133689839569,UNKNOWN
2022-01-31T10:41,-4.925133689839569,UNKNOWN
2022-01-31T10:42,-4.925133689839569,UNKNOWN
2022-01-31T10:43,-4.925133689839569,UNKNOWN
2022-01-31T10:44,-4.925133689839569,UNKNOWN
2022-01-31T10:45,-5.025133689839571,UNKNOWN
2022-01-31T10:46,-5.025133689839571,UNKNOWN
2022-01-31T10:47,-5.025133689839571,UNKNOWN
2022-01-31T10:48,-5.125133689839572,UNKNOWN
2022-01-31T10:49,-5.22513368983957,UNKNOWN
2022-01-31T10:50,-5.22513368983957,UNKNOWN
2022-01-31T10:51,-5.22513368983957,UNKNOWN
2022-01-31T10:52,-5.22513368983957,UNKNOWN
2022-01-31T10:53,-5.325133689839571,UNKNOWN
2022-01-31T10:54,-5.325133689839571,UNKNOWN
2022-01-31T10:55,-5.325133689839571,UNKNOWN
2022-01-31T10:56,-5.325133689839571,UNKNOWN
2022-01-31T10:57,-5.425133689839569,UNKNOWN
2022-01-31T10:58,-5.425133689839569,UNKNOWN
2022-01-31T10:59,-5.425133689839569,UNKNOWN
2022-01-31T11:00,-5.425133689839569,UNKNOWN
2022-01-31T11:01,-5.325133689839571,UNKNOWN
2022-01-31T11:02,-5.22513368983957,UNKNOWN
2022-01-31T11:03,-5.22513368983957,UNKNOWN
2022-01-31T11:04,-5.22513368983957,UNKNOWN
2022-01-31T11:05,-5.125133689839572,UNKNOWN
2022-01-31T11:06,-5.025133689839571,UNKNOWN
2022-01-31T11:07,-4.925133689839569,UNKNOWN
2022-01-31T11:08,-4.825133689839571,UNKNOWN
2022-01-31T11:09,-4.72513368983957,UNKNOWN
2022-01-31T11:10,-4.625133689839572,UNKNOWN
2022-01-31T11:11,-4.525133689839571,UNKNOWN
2022-01-31T11:12,-4.425133689839569,UNKNOWN
2022-01-31T11:13,-4.325133689839571,UNKNOWN
2022-01-31T11:14,-4.22513368983957,UNKNOWN
2022-01-31T11:15,-4.125133689839572,UNKNOWN
2022-01-31T11:16,-4.125133689839572,UNKNOWN
2022-01-31T11:17,-4.025133689839571,UNKNOWN
2022-01-31T11:18,-3.9251336898395692,UNKNOWN
2022-01-31T11:19,-3.9251336898395692,UNKNOWN
2022-01-31T11:20,-3.9251336898395692,UNKNOWN
2022-01-31T11:21,-3.8251336898395714,UNKNOWN
2022-01-31T11:22,-3.8251336898395714,UNKNOWN
2022-01-31T11:23,-4.025133689839571,UNKNOWN
2022-01-31T11:24,-4.22513368983957,UNKNOWN
2022-01-31T11:25,-4.22513368983957,UNKNOWN
2022-01-31T11:26,-4.22513368983957,UNKNOWN
2022-01-31T11:27,-4.125133689839572,UNKNOWN
2022-01-31T11:28,-4.025133689839571,UNKNOWN
2022-01-31T11:29,-3.9251336898395692,UNKNOWN
2022-01-31T11:30,-3.8251336898395714,UNKNOWN
2022-01-31T11:31,-3.72513368983957,UNKNOWN
2022-01-31T11:32,-3.72513368983957,UNKNOWN
2022-01-31T11:33,-3.72513368983957,UNKNOWN
2022-01-31T11:34,-3.72513368983957,UNKNOWN
2022-01-31T11:35,-3.72513368983957,UNKNOWN
2022-01-31T11:36,-3.625133689839572,UNKNOWN
2022-01-31T11:37,-3.5251336898395706,UNKNOWN
2022-01-31T11:38,-3.4251336898395692,UNKNOWN
2022-01-31T11:39,-3.4251336898395692,UNKNOWN
2022-01-31T11:40,-3.5251336898395706,UNKNOWN
2022-01-31T11:41,-3.625133689839572,UNKNOWN
2022-01-31T11:42,-3.72513368983957,UNKNOWN
2022-01-31T11:43,-3.72513368983957,UNKNOWN
2022-01-31T11:44,-3.9251336898395692,UNKNOWN
2022-01-31T11:45,-4.125133689839572,UNKNOWN
2022-01-31T11:46,-4.125133689839572,UNKNOWN
2022-01-31T11:47,-4.125133689839572,UNKNOWN
2022-01-31T11:48,-4.22513368983957,UNKNOWN
2022-01-31T11:49,-4.125133689839572,UNKNOWN
2022-01-31T11:50,-4.125133689839572,UNKNOWN
2022-01-31T11:51,-4.025133689839571,UNKNOWN
2022-01-31T11:52,-4.025133689839571,UNKNOWN
2022-01-31T11:53,-3.9251336898395692,UNKNOWN
2022-01-31T11:54,-3.72513368983957,UNKNOWN
2022-01-31T11:55,-3.625133689839572,UNKNOWN
2022-01-31T11:56,-3.3251336898395714,UNKNOWN
2022-01-31T11:57,-3.3251336898395714,UNKNOWN
2022-01-31T11:58,-3.4251336898395692,UNKNOWN
2022-01-31T11:59,-3.4251336898395692,UNKNOWN
2022-01-31T12:00,-3.5251336898395706,UNKNOWN
2022-01-31T12:01,-3.5251336898395706,UNKNOWN
2022-01-31T12:02,-3.5251336898395706,UNKNOWN
2022-01-31T12:03,-3.5251336898395706,UNKNOWN
2022-01-31T12:04,-3.5251336898395706,UNKNOWN
2022-01-31T12:05,-3.4251336898395692,UNKNOWN
2022-01-31T12:06,-3.3251336898395714,UNKNOWN
2022-01-31T12:07,-3.3251336898395714,UNKNOWN
2022-01-31T12:08,-3.22513368983957,UNKNOWN
2022-01-31T12:09,-3.22513368983957,UNKNOWN
2022-01-31T12:10,-3.22513368983957,UNKNOWN
2022-01-31T12:11,-3.125133689839572,UNKNOWN
2022-01-31T12:12,-3.0251336898395706,UNKNOWN
2022-01-31T12:13,-3.125133689839572,UNKNOWN
2022-01-31T12:14,-3.0251336898395706,UNKNOWN
2022-01-31T12:15,-3.0251336898395706,UNKNOWN
2022-01-31T12:16,-3.0251336898395706,UNKNOWN
2022-01-31T12:17,-3.0251336898395706,UNKNOWN
2022-01-31T12:18,-3.0251336898395706,UNKNOWN
2022-01-31T12:19,-2.9251336898395692,UNKNOWN
2022-01-31T12:20,-2.8251336898395714,UNKNOWN
2022-01-31T12:21,-2.8251336898395714,UNKNOWN
2022-01-31T12:22,-2.8251336898395714,UNKNOWN
2022-01-31T12:23,-2.8251336898395714,UNKNOWN
2022-01-31T12:24,-2.8251336898395714,UNKNOWN
2022-01-31T12:25,-2.72513368983957,UNKNOWN
2022-01-31T12:26,-2.5251336898395706,UNKNOWN
2022-01-31T12:27,-2.4251336898395692,UNKNOWN
2022-01-31T12:28,-2.4251336898395692,UNKNOWN
2022-01-31T12:29,-2.3251336898395714,UNKNOWN
2022-01-31T12:30,-2.125133689839572,UNKNOWN
2022-01-31T12:31,-2.0251336898395706,UNKNOWN
2022-01-31T12:32,-1.9251336898395692,UNKNOWN
2022-01-31T12:33,-1.8251336898395714,UNKNOWN
2022-01-31T12:34,-1.9251336898395692,UNKNOWN
2022-01-31T12:35,-2.0251336898395706,UNKNOWN
2022-01-31T12:36,-2.0251336898395706,UNKNOWN
2022-01-31T12:37,-1.9251336898395692,UNKNOWN
2022-01-31T12:38,-2.0251336898395706,UNKNOWN
2022-01-31T12:39,-2.0251336898395706,UNKNOWN
2022-01-31T12:40,-2.125133689839572,UNKNOWN
2022-01-31T12:41,-2.22513368983957,UNKNOWN
2022-01-31T12:42,-2.125133689839572,UNKNOWN
2022-01-31T12:43,-2.125133689839572,UNKNOWN
2022-01-31T12:44,-2.125133689839572,UNKNOWN
2022-01-31T12:45,-2.125133689839572,UNKNOWN
2022-01-31T12:46,-2.22513368983957,UNKNOWN
2022-01-31T12:47,-2.22513368983957,UNKNOWN
2022-01-31T12:48,-2.3251336898395714,UNKNOWN
2022-01-31T12:49,-2.3251336898395714,UNKNOWN
2022-01-31T12:50,-2.3251336898395714,UNKNOWN
2022-01-31T12:51,-2.3251336898395714,UNKNOWN
2022-01-31T12:52,-2.3251336898395714,UNKNOWN
2022-01-31T12:53,-2.3251336898395714,UNKNOWN
2022-01-31T12:54,-2.3251336898395714,UNKNOWN
2022-01-31T12:55,-2.3251336898395714,UNKNOWN
2022-01-31T12:56,-2.22513368983957,UNKNOWN
2022-01-31T12:57,-2.22513368983957,UNKNOWN
2022-01-31T12:58,-2.22513368983957,UNKNOWN
2022-01-31T12:59,-2.22513368983957,UNKNOWN
2022-01-31T13:00,-2.3251336898395714,UNKNOWN
2022-01-31T13:01,-2.3251336898395714,UNKNOWN
2022-01-31T13:02,-2.3251336898395714,UNKNOWN
2022-01-31T13:03,-2.3251336898395714,UNKNOWN
2022-01-31T13:04,-2.4251336898395692,UNKNOWN
2022-01-31T13:05,-2.4251336898395692,UNKNOWN
2022-01-31T13:06,-2.4251336898395692,UNKNOWN
2022-01-31T13:07,-2.3251336898395714,UNKNOWN
2022-01-31T13:08,-2.3251336898395714,UNKNOWN
2022-01-31T13:09,-2.22513368983957,UNKNOWN
2022-01-31T13:10,-2.22513368983957,UNKNOWN
2022-01-31T13:11,-2.22513368983957,UNKNOWN
2022-01-31T13:12,-2.22513368983957,UNKNOWN
2022-01-31T13:13,-2.22513368983957,UNKNOWN
2022-01-31T13:14,-2.22513368983957,UNKNOWN
2022-01-31T13:15,-2.125133689839572,UNKNOWN
2022-01-31T13:16,-2.125133689839572,UNKNOWN
2022-01-31T13:17,-2.125133689839572,UNKNOWN
2022-01-31T13:18,-2.125133689839572,UNKNOWN
2022-01-31T13:19,-2.0251336898395706,UNKNOWN
2022-01-31T13:20,-2.125133689839572,UNKNOWN
2022-01-31T13:21,-2.125133689839572,UNKNOWN
2022-01-31T13:22,-2.125133689839572,UNKNOWN
2022-01-31T13:23,-2.22513368983957,UNKNOWN
2022-01-31T13:24,-2.3251336898395714,UNKNOWN
2022-01-31T13:25,-2.3251336898395714,UNKNOWN
2022-01-31T13:26,-2.3251336898395714,UNKNOWN
2022-01-31T13:27,-2.3251336898395714,UNKNOWN
2022-01-31T13:28,-2.3251336898395714,UNKNOWN
2022-01-31T13:29,-2.3251336898395714,UNKNOWN
2022-01-31T13:30,-2.4251336898395692,UNKNOWN
2022-01-31T13:31,-2.4251336898395692,UNKNOWN
2022-01-31T13:32,-2.4251336898395692,UNKNOWN
2022-01-31T13:33,-2.5251336898395706,UNKNOWN
2022-01-31T13:34,-2.5251336898395706,UNKNOWN
2022-01-31T13:35,-2.5251336898395706,UNKNOWN
2022-01-31T13:36,-2.5251336898395706,UNKNOWN
2022-01-31T13:37,-2.5251336898395706,UNKNOWN
2022-01-31T13:38,-2.5251336898395706,UNKNOWN
2022-01-31T13:39,-2.5251336898395706,UNKNOWN
2022-01-31T13:40,-2.5251336898395706,UNKNOWN
2022-01-31T13:41,-2.4251336898395692,UNKNOWN
2022-01-31T13:42,-2.3251336898395714,UNKNOWN
2022-01-31T13:43,-2.4251336898395692,UNKNOWN
2022-01-31T13:44,-2.3251336898395714,UNKNOWN
2022-01-31T13:45,-2.3251336898395714,UNKNOWN
2022-01-31T13:46,-2.3251336898395714,UNKNOWN
2022-01-31T13:47,-2.22513368983957,UNKNOWN
2022-01-31T13:48,-2.22513368983957,UNKNOWN
2022-01-31T13:49,-2.22513368983957,UNKNOWN
2022-01-31T13:50,-2.22513368983957,UNKNOWN
2022-01-31T13:51,-2.22513368983957,UNKNOWN
2022-01-31T13:52,-2.125133689839572,UNKNOWN
2022-01-31T13:53,-2.125133689839572,UNKNOWN
2022-01-31T13:54,-2.0251336898395706,UNKNOWN
2022-01-31T13:55,-2.0251336898395706,UNKNOWN
2022-01-31T13:56,-1.9251336898395692,UNKNOWN
2022-01-31T13:57,-1.9251336898395692,UNKNOWN
2022-01-31T13:58,-1.9251336898395692,UNKNOWN
2022-01-31T13:59,-1.9251336898395692,UNKNOWN
2022-01-31T14:00,-1.9251336898395692,UNKNOWN
2022-01-31T14:01,-1.9251336898395692,UNKNOWN
2022-01-31T14:02,-1.9251336898395692,UNKNOWN
2022-01-31T14:03,-1.9251336898395692,UNKNOWN
2022-01-31T14:04,-1.9251336898395692,UNKNOWN
2022-01-31T14:05,-1.8251336898395714,UNKNOWN
2022-01-31T14:06,-1.8251336898395714,UNKNOWN
2022-01-31T14:07,-1.8251336898395714,UNKNOWN
2022-01-31T14:08,-1.8251336898395714,UNKNOWN
2022-01-31T14:09,-1.8251336898395714,UNKNOWN
2022-01-31T14:10,-1.8251336898395714,UNKNOWN
2022-01-31T14:11,-1.72513368983957,UNKNOWN
2022-01-31T14:12,-1.72513368983957,UNKNOWN
2022-01-31T14:13,-1.72513368983957,UNKNOWN
2022-01-31T14:14,-1.72513368983957,UNKNOWN
2022-01-31T14:15,-1.625133689839572,UNKNOWN
2022-01-31T14:16,-1.72513368983957,UNKNOWN
2022-01-31T14:17,-1.72513368983957,UNKNOWN
2022-01-31T14:18,-1.72513368983957,UNKNOWN
2022-01-31T14:19,-1.8251336898395714,UNKNOWN
2022-01-31T14:20,-1.8251336898395714,UNKNOWN
2022-01-31T14:21,-1.8251336898395714,UNKNOWN
2022-01-31T14:22,-1.8251336898395714,UNKNOWN
2022-01-31T14:23,-1.8251336898395714,UNKNOWN
2022-01-31T14:24,-1.8251336898395714,UNKNOWN
2022-01-31T14:25,-1.9251336898395692,UNKNOWN
2022-01-31T14:26,-2.0251336898395706,UNKNOWN
2022-01-31T14:27,-2.0251336898395706,UNKNOWN
2022-01-31T14:28,-2.0251336898395706,UNKNOWN
2022-01-31T14:29,-2.0251336898395706,UNKNOWN
2022-01-31T14:30,-2.0251336898395706,UNKNOWN
2022-01-31T14:31,-2.125133689839572,UNKNOWN
2022-01-31T14:32,-2.125133689839572,UNKNOWN
2022-01-31T14:33,-2.22513368983957,UNKNOWN
2022-01-31T14:34,-2.22513368983957,UNKNOWN
2022-01-31T14:35,-2.22513368983957,UNKNOWN
2022-01-31T14:36,-2.22513368983957,UNKNOWN
2022-01-31T14:37,-2.22513368983957,UNKNOWN
2022-01-31T14:38,-2.22513368983957,UNKNOWN
2022-01-31T14:39,-2.3251336898395714,UNKNOWN
2022-01-31T14:40,-2.5251336898395706,UNKNOWN
2022-01-31T14:41,-2.5251336898395706,UNKNOWN
2022-01-31T14:42,-2.5251336898395706,UNKNOWN
2022-01-31T14:43,-2.3251336898395714,UNKNOWN
2022-01-31T14:44,-2.3251336898395714,UNKNOWN
2022-01-31T14:45,-2.3251336898395714,UNKNOWN
2022-01-31T14:46,-2.3251336898395714,UNKNOWN
2022-01-31T14:47,-2.125133689839572,UNKNOWN
2022-01-31T14:48,-2.0251336898395706,UNKNOWN
2022-01-31T14:49,-1.9251336898395692,UNKNOWN
2022-01-31T14:50,-1.9251336898395692,UNKNOWN
2022-01-31T14:51,-1.8251336898395714,UNKNOWN
2022-01-31T14:52,-1.8251336898395714,UNKNOWN
2022-01-31T14:53,-1.8251336898395714,UNKNOWN
2022-01-31T14:54,-1.72513368983957,UNKNOWN
2022-01-31T14:55,-1.5251336898395706,UNKNOWN
2022-01-31T14:56,-1.4251336898395692,UNKNOWN
2022-01-31T14:57,-1.4251336898395692,UNKNOWN
2022-01-31T14:58,-1.5251336898395706,UNKNOWN
2022-01-31T14:59,-1.8251336898395714,UNKNOWN
2022-01-31T15:00,-2.125133689839572,UNKNOWN
2022-01-31T15:01,-2.4251336898395692,UNKNOWN
2022-01-31T15:02,-2.3251336898395714,UNKNOWN
2022-01-31T15:03,-2.3251336898395714,UNKNOWN
2022-01-31T15:04,-2.3251336898395714,UNKNOWN
2022-01-31T15:05,-2.3251336898395714,UNKNOWN
2022-01-31T15:06,-2.3251336898395714,UNKNOWN
2022-01-31T15:07,-2.3251336898395714,UNKNOWN
2022-01-31T15:08,-2.22513368983957,UNKNOWN
2022-01-31T15:09,-2.3251336898395714,UNKNOWN
2022-01-31T15:10,-2.4251336898395692,UNKNOWN
2022-01-31T15:11,-2.4251336898395692,UNKNOWN
2022-01-31T15:12,-2.5251336898395706,UNKNOWN
2022-01-31T15:13,-2.4251336898395692,UNKNOWN
2022-01-31T15:14,-2.3251336898395714,UNKNOWN
2022-01-31T15:15,-2.3251336898395714,UNKNOWN
2022-01-31T15:16,-2.22513368983957,UNKNOWN
2022-01-31T15:17,-2.125133689839572,UNKNOWN
2022-01-31T15:18,-2.125133689839572,UNKNOWN
2022-01-31T15:19,-2.0251336898395706,UNKNOWN
2022-01-31T15:20,-2.0251336898395706,UNKNOWN
2022-01-31T15:21,-2.0251336898395706,UNKNOWN
2022-01-31T15:22,-1.9251336898395692,UNKNOWN
2022-01-31T15:23,-1.9251336898395692,UNKNOWN
2022-01-31T15:24,-1.9251336898395692,UNKNOWN
2022-01-31T15:25,-1.8251336898395714,UNKNOWN
2022-01-31T15:26,-1.8251336898395714,UNKNOWN
2022-01-31T15:27,-1.8251336898395714,UNKNOWN
2022-01-31T15:28,-1.8251336898395714,UNKNOWN
2022-01-31T15:29,-1.9251336898395692,UNKNOWN
2022-01-31T15:30,-1.9251336898395692,UNKNOWN
2022-01-31T15:31,-2.0251336898395706,UNKNOWN
2022-01-31T15:32,-2.0251336898395706,UNKNOWN
2022-01-31T15:33,-2.0251336898395706,UNKNOWN
2022-01-31T15:34,-1.9251336898395692,UNKNOWN
2022-01-31T15:35,-1.9251336898395692,UNKNOWN
2022-01-31T15:36,-2.0251336898395706,UNKNOWN
2022-01-31T15:37,-2.0251336898395706,UNKNOWN
2022-01-31T15:38,-2.125133689839572,UNKNOWN
2022-01-31T15:39,-2.22513368983957,UNKNOWN
2022-01-31T15:40,-2.22513368983957,UNKNOWN
2022-01-31T15:41,-2.22513368983957,UNKNOWN
2022-01-31T15:42,-2.125133689839572,UNKNOWN
2022-01-31T15:43,-2.125133689839572,UNKNOWN
2022-01-31T15:44,-2.0251336898395706,UNKNOWN
2022-01-31T15:45,-2.0251336898395706,UNKNOWN
2022-01-31T15:46,-1.9251336898395692,UNKNOWN
2022-01-31T15:47,-1.9251336898395692,UNKNOWN
2022-01-31T15:48,-1.8251336898395714,UNKNOWN
2022-01-31T15:49,-1.8251336898395714,UNKNOWN
2022-01-31T15:50,-1.8251336898395714,UNKNOWN
2022-01-31T15:51,-1.8251336898395714,UNKNOWN
2022-01-31T15:52,-1.72513368983957,UNKNOWN
2022-01-31T15:53,-1.72513368983957,UNKNOWN
2022-01-31T15:54,-1.625133689839572,UNKNOWN
2022-01-31T15:55,-1.625133689839572,UNKNOWN
2022-01-31T15:56,-1.5251336898395706,UNKNOWN
2022-01-31T15:57,-1.5251336898395706,UNKNOWN
2022-01-31T15:58,-1.5251336898395706,UNKNOWN
2022-01-31T15:59,-1.8251336898395714,UNKNOWN
2022-01-31T16:00,-2.0251336898395706,UNKNOWN
2022-01-31T16:01,-2.4251336898395692,UNKNOWN
2022-01-31T16:02,-2.72513368983957,UNKNOWN
2022-01-31T16:03,-2.8251336898395714,UNKNOWN
2022-01-31T16:04,-3.3251336898395714,UNKNOWN
2022-01-31T16:05,-3.625133689839572,UNKNOWN
2022-01-31T16:06,-3.8251336898395714,UNKNOWN
2022-01-31T16:07,-4.125133689839572,UNKNOWN
2022-01-31T16:08,-4.325133689839571,UNKNOWN
2022-01-31T16:09,-4.525133689839571,UNKNOWN
2022-01-31T16:10,-4.825133689839571,UNKNOWN
2022-01-31T16:11,-5.125133689839572,UNKNOWN
2022-01-31T16:12,-5.325133689839571,UNKNOWN
2022-01-31T16:13,-5.825133689839571,UNKNOWN
2022-01-31T16:14,-6.22513368983957,UNKNOWN
2022-01-31T16:15,-6.425133689839569,UNKNOWN
2022-01-31T16:16,-6.625133689839572,UNKNOWN
2022-01-31T16:17,-6.825133689839571,UNKNOWN
2022-01-31T16:18,-7.325133689839571,UNKNOWN
2022-01-31T16:34,-7.325133689839571,UNKNOWN
2022-01-31T16:35,-7.125133689839572,UNKNOWN
2022-01-31T16:36,-6.925133689839569,UNKNOWN
2022-01-31T16:37,-6.825133689839571,UNKNOWN
2022-01-31T16:38,-6.72513368983957,UNKNOWN
2022-01-31T16:39,-6.525133689839571,UNKNOWN
2022-01-31T16:40,-6.325133689839571,UNKNOWN
2022-01-31T16:41,-6.22513368983957,UNKNOWN
2022-01-31T16:42,-6.025133689839571,UNKNOWN
2022-01-31T16:43,-5.525133689839571,UNKNOWN
2022-01-31T16:44,-5.125133689839572,UNKNOWN
2022-01-31T16:45,-5.125133689839572,UNKNOWN
2022-01-31T16:46,-5.22513368983957,UNKNOWN
2022-01-31T16:47,-5.125133689839572,UNKNOWN
2022-01-31T16:48,-5.125133689839572,UNKNOWN
2022-01-31T16:49,-5.125133689839572,UNKNOWN
2022-01-31T16:50,-5.025133689839571,UNKNOWN
2022-01-31T16:51,-5.025133689839571,UNKNOWN
2022-01-31T16:52,-5.025133689839571,UNKNOWN
2022-01-31T16:53,-5.025133689839571,UNKNOWN
2022-01-31T16:54,-5.125133689839572,UNKNOWN
2022-01-31T16:55,-5.425133689839569,UNKNOWN
2022-01-31T16:56,-5.525133689839571,UNKNOWN
2022-01-31T16:57,-5.425133689839569,UNKNOWN
2022-01-31T16:58,-5.525133689839571,UNKNOWN
2022-01-31T16:59,-5.525133689839571,UNKNOWN
2022-01-31T17:00,-5.72513368983957,UNKNOWN
2022-01-31T17:02,-6.625133689839572,UNKNOWN
2022-01-31T17:03,-7.125133689839572,UNKNOWN
2022-01-31T17:04,-6.625133689839572,UNKNOWN
2022-01-31T17:05,-6.72513368983957,UNKNOWN
2022-01-31T17:06,-6.825133689839571,UNKNOWN
2022-01-31T17:07,-6.925133689839569,UNKNOWN
2022-01-31T17:08,-6.825133689839571,UNKNOWN
2022-01-31T17:09,-6.925133689839569,UNKNOWN
2022-01-31T17:10,-6.925133689839569,UNKNOWN
2022-01-31T17:11,-6.925133689839569,UNKNOWN
2022-01-31T17:12,-7.025133689839571,UNKNOWN
2022-01-31T17:13,-7.025133689839571,UNKNOWN
2022-01-31T17:14,-7.125133689839572,UNKNOWN
2022-01-31T17:15,-7.22513368983957,UNKNOWN
2022-01-31T17:16,-6.425133689839569,UNKNOWN
2022-01-31T17:17,-6.425133689839569,UNKNOWN
2022-01-31T17:18,-6.625133689839572,UNKNOWN
2022-01-31T17:19,-6.825133689839571,UNKNOWN
2022-01-31T17:20,-6.925133689839569,UNKNOWN
2022-01-31T17:21,-7.025133689839571,UNKNOWN
2022-01-31T17:22,-6.925133689839569,UNKNOWN
2022-01-31T17:23,-6.72513368983957,UNKNOWN
2022-01-31T17:24,-6.525133689839571,UNKNOWN
2022-01-31T17:25,-6.425133689839569,UNKNOWN
2022-01-31T17:26,-6.22513368983957,UNKNOWN
2022-01-31T17:27,-6.125133689839572,UNKNOWN
2022-01-31T17:28,-6.22513368983957,UNKNOWN
2022-01-31T17:29,-6.125133689839572,UNKNOWN
2022-01-31T17:30,-5.825133689839571,UNKNOWN
2022-01-31T17:31,-5.525133689839571,UNKNOWN
2022-01-31T17:32,-5.325133689839571,UNKNOWN
2022-01-31T17:33,-5.125133689839572,UNKNOWN
2022-01-31T17:34,-4.925133689839569,UNKNOWN
2022-01-31T17:35,-4.825133689839571,UNKNOWN
2022-01-31T17:36,-4.825133689839571,UNKNOWN
2022-01-31T17:37,-5.22513368983957,UNKNOWN
2022-01-31T17:38,-5.425133689839569,UNKNOWN
2022-01-31T17:39,-5.525133689839571,UNKNOWN
2022-01-31T17:40,-5.525133689839571,UNKNOWN
2022-01-31T17:41,-5.525133689839571,UNKNOWN
2022-01-31T17:42,-5.525133689839571,UNKNOWN
2022-01-31T17:43,-5.525133689839571,UNKNOWN
2022-01-31T17:44,-5.525133689839571,UNKNOWN
2022-01-31T17:45,-5.525133689839571,UNKNOWN
2022-01-31T17:46,-5.525133689839571,UNKNOWN
2022-01-31T17:47,-5.625133689839572,UNKNOWN
2022-01-31T17:48,-5.625133689839572,UNKNOWN
2022-01-31T17:49,-5.72513368983957,UNKNOWN
2022-01-31T17:50,-5.525133689839571,UNKNOWN
2022-01-31T17:51,-5.325133689839571,UNKNOWN
2022-01-31T17:52,-5.125133689839572,UNKNOWN
2022-01-31T17:53,-4.925133689839569,UNKNOWN
2022-01-31T17:54,-4.72513368983957,UNKNOWN
2022-01-31T17:55,-4.625133689839572,UNKNOWN
2022-01-31T17:56,-4.525133689839571,UNKNOWN
2022-01-31T17:57,-4.525133689839571,UNKNOWN
2022-01-31T17:58,-4.625133689839572,UNKNOWN
2022-01-31T17:59,-4.625133689839572,UNKNOWN
2022-01-31T18:00,-4.625133689839572,UNKNOWN
2022-01-31T18:01,-4.525133689839571,UNKNOWN
2022-01-31T18:02,-4.425133689839569,UNKNOWN
2022-01-31T18:03,-4.425133689839569,UNKNOWN
2022-01-31T18:04,-4.425133689839569,UNKNOWN
2022-01-31T18:05,-4.525133689839571,UNKNOWN
2022-01-31T18:06,-4.72513368983957,UNKNOWN
2022-01-31T18:07,-4.825133689839571,UNKNOWN
2022-01-31T18:08,-4.825133689839571,UNKNOWN
2022-01-31T18:09,-4.825133689839571,UNKNOWN
2022-01-31T18:10,-4.825133689839571,UNKNOWN
2022-01-31T18:11,-4.925133689839569,UNKNOWN
2022-01-31T18:12,-4.825133689839571,UNKNOWN
2022-01-31T18:13,-4.825133689839571,UNKNOWN
2022-01-31T18:14,-4.825133689839571,UNKNOWN
2022-01-31T18:15,-4.925133689839569,UNKNOWN
2022-01-31T18:16,-4.925133689839569,UNKNOWN
2022-01-31T18:17,-4.925133689839569,UNKNOWN
2022-01-31T18:18,-4.925133689839569,UNKNOWN
2022-01-31T18:19,-4.925133689839569,UNKNOWN
2022-01-31T18:20,-5.025133689839571,UNKNOWN
2022-01-31T18:21,-5.025133689839571,UNKNOWN
2022-01-31T18:22,-5.025133689839571,UNKNOWN
2022-01-31T18:23,-4.925133689839569,UNKNOWN
2022-01-31T18:24,-5.025133689839571,UNKNOWN
2022-01-31T18:25,-5.025133689839571,UNKNOWN
2022-01-31T18:26,-4.925133689839569,UNKNOWN
2022-01-31T18:27,-4.925133689839569,UNKNOWN
2022-01-31T18:28,-4.825133689839571,UNKNOWN
2022-01-31T18:29,-4.925133689839569,UNKNOWN
2022-01-31T18:30,-4.925133689839569,UNKNOWN
2022-01-31T18:31,-4.825133689839571,UNKNOWN
2022-01-31T18:32,-4.72513368983957,UNKNOWN
2022-01-31T18:33,-4.625133689839572,UNKNOWN
2022-01-31T18:34,-4.525133689839571,UNKNOWN
2022-01-31T18:35,-4.325133689839571,UNKNOWN
2022-01-31T18:36,-4.025133689839571,UNKNOWN
2022-01-31T18:37,-4.025133689839571,UNKNOWN
2022-01-31T18:38,-4.025133689839571,UNKNOWN
2022-01-31T18:39,-4.125133689839572,UNKNOWN
2022-01-31T18:40,-4.22513368983957,UNKNOWN
2022-01-31T18:41,-4.22513368983957,UNKNOWN
2022-01-31T18:42,-4.125133689839572,UNKNOWN
2022-01-31T18:43,-4.025133689839571,UNKNOWN
2022-01-31T18:44,-3.625133689839572,UNKNOWN
2022-01-31T18:45,-2.9251336898395692,UNKNOWN
2022-01-31T18:46,-2.5251336898395706,UNKNOWN
2022-01-31T18:47,-2.4251336898395692,UNKNOWN
2022-01-31T18:48,-2.3251336898395714,UNKNOWN
2022-01-31T18:49,-2.3251336898395714,UNKNOWN
2022-01-31T18:50,-2.5251336898395706,UNKNOWN
2022-01-31T18:51,-2.625133689839572,UNKNOWN
2022-01-31T18:52,-2.5251336898395706,UNKNOWN
2022-01-31T18:53,-2.4251336898395692,UNKNOWN
2022-01-31T18:54,-2.4251336898395692,UNKNOWN
2022-01-31T18:55,-2.3251336898395714,UNKNOWN
2022-01-31T18:56,-2.22513368983957,UNKNOWN
2022-01-31T18:57,-2.125133689839572,UNKNOWN
2022-01-31T18:58,-2.0251336898395706,UNKNOWN
2022-01-31T18:59,-2.0251336898395706,UNKNOWN
2022-01-31T19:00,-2.0251336898395706,UNKNOWN
2022-01-31T19:13,-6.825133689839571,UNKNOWN
2022-01-31T19:14,-5.825133689839571,UNKNOWN
2022-01-31T19:15,-5.425133689839569,UNKNOWN
2022-01-31T19:16,-5.125133689839572,UNKNOWN
2022-01-31T19:17,-4.825133689839571,UNKNOWN
2022-01-31T19:18,-4.72513368983957,UNKNOWN
2022-01-31T19:19,-4.525133689839571,UNKNOWN
2022-01-31T19:20,-4.525133689839571,UNKNOWN
2022-01-31T19:21,-4.325133689839571,UNKNOWN
2022-01-31T19:22,-4.22513368983957,UNKNOWN
2022-01-31T19:23,-4.125133689839572,UNKNOWN
2022-01-31T19:24,-3.9251336898395692,UNKNOWN
2022-01-31T19:25,-3.72513368983957,UNKNOWN
2022-01-31T19:26,-3.72513368983957,UNKNOWN
2022-01-31T19:27,-3.625133689839572,UNKNOWN
2022-01-31T19:28,-3.625133689839572,UNKNOWN
2022-01-31T19:29,-3.625133689839572,UNKNOWN
2022-01-31T19:30,-3.4251336898395692,UNKNOWN
2022-01-31T19:31,-3.3251336898395714,UNKNOWN
2022-01-31T19:32,-3.22513368983957,UNKNOWN
2022-01-31T19:33,-3.22513368983957,UNKNOWN
2022-01-31T19:34,-3.125133689839572,UNKNOWN
2022-01-31T19:35,-3.125133689839572,UNKNOWN
2022-01-31T19:36,-3.125133689839572,UNKNOWN
2022-01-31T19:37,-3.125133689839572,UNKNOWN
2022-01-31T19:38,-3.125133689839572,UNKNOWN
2022-01-31T19:39,-3.125133689839572,UNKNOWN
2022-01-31T19:40,-3.125133689839572,UNKNOWN
2022-01-31T19:41,-3.0251336898395706,UNKNOWN
2022-01-31T19:42,-3.0251336898395706,UNKNOWN
2022-01-31T19:43,-2.9251336898395692,UNKNOWN
2022-01-31T19:44,-2.72513368983957,UNKNOWN
2022-01-31T19:45,-2.625133689839572,UNKNOWN
2022-01-31T19:46,-2.625133689839572,UNKNOWN
2022-01-31T19:47,-2.5251336898395706,UNKNOWN
2022-01-31T19:48,-2.625133689839572,UNKNOWN
2022-01-31T19:49,-2.5251336898395706,UNKNOWN
2022-01-31T19:50,-2.625133689839572,UNKNOWN
2022-01-31T19:51,-2.5251336898395706,UNKNOWN
2022-01-31T19:52,-2.5251336898395706,UNKNOWN
2022-01-31T19:53,-2.5251336898395706,UNKNOWN
2022-01-31T19:54,-2.4251336898395692,UNKNOWN
2022-01-31T19:55,-2.5251336898395706,UNKNOWN
2022-01-31T19:56,-2.5251336898395706,UNKNOWN
2022-01-31T19:57,-2.4251336898395692,UNKNOWN
2022-01-31T19:58,-2.3251336898395714,UNKNOWN
2022-01-31T19:59,-2.3251336898395714,UNKNOWN
2022-01-31T20:00,-2.3251336898395714,UNKNOWN
2022-01-31T20:01,-2.3251336898395714,UNKNOWN
2022-01-31T20:02,-2.3251336898395714,UNKNOWN
2022-01-31T20:03,-2.22513368983957,UNKNOWN
2022-01-31T20:04,-2.0251336898395706,UNKNOWN
2022-01-31T20:05,-2.0251336898395706,UNKNOWN
2022-01-31T20:06,-2.0251336898395706,UNKNOWN
2022-01-31T20:07,-1.8251336898395714,UNKNOWN
2022-01-31T20:08,-1.625133689839572,UNKNOWN
2022-01-31T20:09,-1.4251336898395692,UNKNOWN
2022-01-31T20:10,-1.3251336898395714,UNKNOWN
2022-01-31T20:11,-1.3251336898395714,UNKNOWN
2022-01-31T20:12,-1.3251336898395714,UNKNOWN
2022-01-31T20:13,-1.3251336898395714,UNKNOWN
2022-01-31T20:14,-1.3251336898395714,UNKNOWN
2022-01-31T20:15,-1.22513368983957,UNKNOWN
2022-01-31T20:16,-1.125133689839572,UNKNOWN
2022-01-31T20:17,-1.125133689839572,UNKNOWN
2022-01-31T20:18,-1.125133689839572,UNKNOWN
2022-01-31T20:19,-1.0251336898395706,UNKNOWN
2022-01-31T20:20,-1.125133689839572,UNKNOWN
2022-01-31T20:21,-1.125133689839572,UNKNOWN
2022-01-31T20:22,-1.0251336898395706,UNKNOWN
2022-01-31T20:23,-1.0251336898395706,UNKNOWN
2022-01-31T20:24,-0.9251336898395692,UNKNOWN
2022-01-31T20:25,-0.8251336898395714,UNKNOWN
2022-01-31T20:26,-0.7251336898395699,UNKNOWN
2022-01-31T20:27,-0.7251336898395699,UNKNOWN
2022-01-31T20:28,-0.8251336898395714,UNKNOWN
2022-01-31T20:29,-0.7251336898395699,UNKNOWN
2022-01-31T20:30,-0.7251336898395699,UNKNOWN
2022-01-31T20:31,-0.6251336898395721,UNKNOWN
2022-01-31T20:32,-0.5251336898395706,UNKNOWN
2022-01-31T20:33,-0.5251336898395706,UNKNOWN
2022-01-31T20:34,-0.5251336898395706,UNKNOWN
2022-01-31T20:35,-0.5251336898395706,UNKNOWN
2022-01-31T20:36,-0.6251336898395721,UNKNOWN
2022-01-31T20:37,-0.6251336898395721,UNKNOWN
2022-01-31T20:38,-0.6251336898395721,UNKNOWN
2022-01-31T20:39,-0.5251336898395706,UNKNOWN
2022-01-31T20:40,-0.6251336898395721,UNKNOWN
2022-01-31T20:41,-0.5251336898395706,UNKNOWN
2022-01-31T20:42,-0.5251336898395706,UNKNOWN
2022-01-31T20:43,-0.5251336898395706,UNKNOWN
2022-01-31T20:44,-0.7251336898395699,UNKNOWN
2022-01-31T20:45,-0.7251336898395699,UNKNOWN
2022-01-31T20:46,-0.7251336898395699,UNKNOWN
2022-01-31T20:47,-0.7251336898395699,UNKNOWN
2022-01-31T20:48,-0.6251336898395721,UNKNOWN
2022-01-31T20:49,-0.7251336898395699,UNKNOWN
2022-01-31T20:50,-0.7251336898395699,UNKNOWN
2022-01-31T20:51,-0.7251336898395699,UNKNOWN
2022-01-31T20:52,-1.0251336898395706,UNKNOWN
2022-01-31T20:53,-1.22513368983957,UNKNOWN
2022-01-31T20:54,-1.3251336898395714,UNKNOWN
2022-01-31T20:55,-1.4251336898395692,UNKNOWN
2022-01-31T20:56,-1.5251336898395706,UNKNOWN
2022-01-31T20:57,-1.4251336898395692,UNKNOWN
2022-01-31T20:58,-1.5251336898395706,UNKNOWN
2022-01-31T20:59,-1.625133689839572,UNKNOWN
2022-01-31T21:00,-1.625133689839572,UNKNOWN
2022-01-31T21:01,-1.5251336898395706,UNKNOWN
2022-01-31T21:02,-1.625133689839572,UNKNOWN
2022-01-31T21:03,-1.5251336898395706,UNKNOWN
2022-01-31T21:04,-1.5251336898395706,UNKNOWN
2022-01-31T21:05,-1.5251336898395706,UNKNOWN
2022-01-31T21:06,-1.625133689839572,UNKNOWN
2022-01-31T21:07,-1.5251336898395706,UNKNOWN
2022-01-31T21:08,-1.3251336898395714,UNKNOWN
2022-01-31T21:09,-1.22513368983957,UNKNOWN
2022-01-31T21:10,-1.3251336898395714,UNKNOWN
2022-01-31T21:11,-1.3251336898395714,UNKNOWN
2022-01-31T21:12,-1.4251336898395692,UNKNOWN
2022-01-31T21:13,-1.4251336898395692,UNKNOWN
2022-01-31T21:14,-1.4251336898395692,UNKNOWN
2022-01-31T21:15,-1.4251336898395692,UNKNOWN
2022-01-31T21:16,-1.4251336898395692,UNKNOWN
2022-01-31T21:17,-1.3251336898395714,UNKNOWN
2022-01-31T21:18,-1.125133689839572,UNKNOWN
2022-01-31T21:19,-1.0251336898395706,UNKNOWN
2022-01-31T21:20,-0.9251336898395692,UNKNOWN
2022-01-31T21:21,-0.8251336898395714,UNKNOWN
2022-01-31T21:22,-0.7251336898395699,UNKNOWN
2022-01-31T21:23,-0.7251336898395699,UNKNOWN
2022-01-31T21:24,-0.7251336898395699,UNKNOWN
2022-01-31T21:25,-0.7251336898395699,UNKNOWN
2022-01-31T21:26,-0.7251336898395699,UNKNOWN
2022-01-31T21:27,-0.7251336898395699,UNKNOWN
2022-01-31T21:28,-0.8251336898395714,UNKNOWN
2022-01-31T21:29,-0.9251336898395692,UNKNOWN
2022-01-31T21:30,-1.0251336898395706,UNKNOWN
2022-01-31T21:31,-1.0251336898395706,UNKNOWN
2022-01-31T21:32,-0.9251336898395692,UNKNOWN
2022-01-31T21:33,-1.0251336898395706,UNKNOWN
2022-01-31T21:34,-1.125133689839572,UNKNOWN
2022-01-31T21:35,-1.4251336898395692,UNKNOWN
2022-01-31T21:36,-1.9251336898395692,UNKNOWN
2022-01-31T21:37,-2.3251336898395714,UNKNOWN
2022-01-31T21:38,-2.5251336898395706,UNKNOWN
2022-01-31T21:39,-2.625133689839572,UNKNOWN
2022-01-31T21:40,-2.72513368983957,UNKNOWN
2022-01-31T21:41,-2.3251336898395714,UNKNOWN
2022-01-31T21:42,-2.125133689839572,UNKNOWN
2022-01-31T21:43,-2.0251336898395706,UNKNOWN
2022-01-31T21:44,-1.72513368983957,UNKNOWN
2022-01-31T21:45,-1.4251336898395692,UNKNOWN
2022-01-31T21:46,-1.22513368983957,UNKNOWN
2022-01-31T21:47,-1.125133689839572,UNKNOWN
2022-01-31T21:48,-1.125133689839572,UNKNOWN
2022-01-31T21:49,-1.125133689839572,UNKNOWN
2022-01-31T21:50,-1.125133689839572,UNKNOWN
2022-01-31T21:51,-1.125133689839572,UNKNOWN
2022-01-31T21:52,-1.0251336898395706,UNKNOWN
2022-01-31T21:53,-1.0251336898395706,UNKNOWN
2022-01-31T21:54,-1.125133689839572,UNKNOWN
2022-01-31T21:55,-1.0251336898395706,UNKNOWN
2022-01-31T21:56,-0.9251336898395692,UNKNOWN
2022-01-31T21:57,-0.7251336898395699,UNKNOWN
2022-01-31T21:58,-0.5251336898395706,UNKNOWN
2022-01-31T21:59,-0.2251336898395735,UNKNOWN
2022-01-31T22:00,-0.12513368983957207,UNKNOWN
2022-01-31T22:01,0.07486631016043077,UNKNOWN
2022-01-31T22:02,0.1748663101604322,UNKNOWN
2022-01-31T22:03,0.2748663101604265,UNKNOWN
2022-01-31T22:04,0.47486631016042935,UNKNOWN
2022-01-31T22:05,0.5748663101604308,UNKNOWN
2022-01-31T22:06,0.6748663101604322,UNKNOWN
2022-01-31T22:07,0.7748663101604265,UNKNOWN
2022-01-31T22:08,0.8748663101604279,UNKNOWN
2022-01-31T22:09,0.9748663101604294,UNKNOWN
2022-01-31T22:10,1.0748663101604308,UNKNOWN
2022-01-31T22:11,1.0748663101604308,UNKNOWN
2022-01-31T22:12,1.1748663101604322,UNKNOWN
2022-01-31T22:13,1.2748663101604265,UNKNOWN
2022-01-31T22:14,1.2748663101604265,UNKNOWN
2022-01-31T22:15,1.374866310160428,UNKNOWN
2022-01-31T22:16,1.4748663101604294,UNKNOWN
2022-01-31T22:17,1.4748663101604294,UNKNOWN
2022-01-31T22:18,1.5748663101604308,UNKNOWN
2022-01-31T22:19,1.5748663101604308,UNKNOWN
2022-01-31T22:20,1.5748663101604308,UNKNOWN
2022-01-31T22:21,1.6748663101604322,UNKNOWN
2022-01-31T22:22,1.6748663101604322,UNKNOWN
2022-01-31T22:23,1.6748663101604322,UNKNOWN
2022-01-31T22:24,1.7748663101604265,UNKNOWN
2022-01-31T22:25,1.7748663101604265,UNKNOWN
2022-01-31T22:26,1.7748663101604265,UNKNOWN
2022-01-31T22:27,1.7748663101604265,UNKNOWN
2022-01-31T22:28,1.7748663101604265,UNKNOWN
2022-01-31T22:29,1.7748663101604265,UNKNOWN
2022-01-31T22:30,1.7748663101604265,UNKNOWN
2022-01-31T22:31,1.7748663101604265,UNKNOWN
2022-01-31T22:32,1.7748663101604265,UNKNOWN
2022-01-31T22:33,1.7748663101604265,UNKNOWN
2022-01-31T22:34,1.7748663101604265,UNKNOWN
2022-01-31T22:35,1.7748663101604265,UNKNOWN
2022-01-31T22:36,1.7748663101604265,UNKNOWN
2022-01-31T22:37,1.7748663101604265,UNKNOWN
2022-01-31T22:38,1.7748663101604265,UNKNOWN
2022-01-31T22:39,1.7748663101604265,UNKNOWN
2022-01-31T22:40,1.7748663101604265,UNKNOWN
2022-01-31T22:41,1.7748663101604265,UNKNOWN
2022-01-31T22:42,1.7748663101604265,UNKNOWN
2022-01-31T22:43,1.7748663101604265,UNKNOWN
2022-01-31T22:44,1.7748663101604265,UNKNOWN
2022-01-31T22:45,1.7748663101604265,UNKNOWN
2022-01-31T22:46,1.5748663101604308,UNKNOWN
2022-01-31T22:47,1.2748663101604265,UNKNOWN
2022-01-31T22:48,1.0748663101604308,UNKNOWN
2022-01-31T22:49,0.8748663101604279,UNKNOWN
2022-01-31T22:50,0.7748663101604265,UNKNOWN
2022-01-31T22:51,0.6748663101604322,UNKNOWN
2022-01-31T22:52,0.6748663101604322,UNKNOWN
2022-01-31T22:53,0.5748663101604308,UNKNOWN
2022-01-31T22:54,0.5748663101604308,UNKNOWN
2022-01-31T22:55,0.47486631016042935,UNKNOWN
2022-01-31T22:56,0.47486631016042935,UNKNOWN
2022-01-31T22:57,0.47486631016042935,UNKNOWN
2022-01-31T22:58,0.47486631016042935,UNKNOWN
2022-01-31T22:59,0.47486631016042935,UNKNOWN
2022-01-31T23:00,0.47486631016042935,UNKNOWN
2022-01-31T23:01,0.47486631016042935,UNKNOWN
2022-01-31T23:02,0.47486631016042935,UNKNOWN
2022-01-31T23:03,0.37486631016042793,UNKNOWN
2022-01-31T23:04,0.2748663101604265,UNKNOWN
2022-01-31T23:05,0.2748663101604265,UNKNOWN
2022-01-31T23:06,0.1748663101604322,UNKNOWN
2022-01-31T23:07,0.07486631016043077,UNKNOWN
2022-01-31T23:08,0.07486631016043077,UNKNOWN
2022-01-31T23:09,0.07486631016043077,UNKNOWN
2022-01-31T23:10,-0.02513368983957065,UNKNOWN
2022-01-31T23:11,-0.02513368983957065,UNKNOWN
2022-01-31T23:12,-0.02513368983957065,UNKNOWN
2022-01-31T23:13,0.07486631016043077,UNKNOWN
2022-01-31T23:14,0.1748663101604322,UNKNOWN
2022-01-31T23:15,0.2748663101604265,UNKNOWN
2022-01-31T23:16,0.47486631016042935,UNKNOWN
2022-01-31T23:17,0.5748663101604308,UNKNOWN
2022-01-31T23:18,0.7748663101604265,UNKNOWN
2022-01-31T23:19,0.7748663101604265,UNKNOWN
2022-01-31T23:20,0.8748663101604279,UNKNOWN
2022-01-31T23:21,1.0748663101604308,UNKNOWN
2022-01-31T23:22,1.0748663101604308,UNKNOWN
2022-01-31T23:23,1.1748663101604322,UNKNOWN
2022-01-31T23:24,1.2748663101604265,UNKNOWN
2022-01-31T23:25,1.2748663101604265,UNKNOWN
2022-01-31T23:26,1.374866310160428,UNKNOWN
2022-01-31T23:27,1.4748663101604294,UNKNOWN
2022-01-31T23:28,1.4748663101604294,UNKNOWN
2022-01-31T23:29,1.5748663101604308,UNKNOWN
2022-01-31T23:30,1.5748663101604308,UNKNOWN
2022-01-31T23:31,1.5748663101604308,UNKNOWN
2022-01-31T23:32,1.6748663101604322,UNKNOWN
2022-01-31T23:33,1.6748663101604322,UNKNOWN
2022-01-31T23:34,1.7748663101604265,UNKNOWN
2022-01-31T23:35,1.7748663101604265,UNKNOWN
2022-01-31T23:36,1.7748663101604265,UNKNOWN
2022-01-31T23:37,1.7748663101604265,UNKNOWN
2022-01-31T23:38,1.874866310160428,UNKNOWN
2022-01-31T23:39,1.874866310160428,UNKNOWN
2022-01-31T23:40,1.7748663101604265,UNKNOWN
2022-01-31T23:41,1.6748663101604322,UNKNOWN
2022-01-31T23:42,1.7748663101604265,UNKNOWN
2022-01-31T23:43,1.874866310160428,UNKNOWN
2022-01-31T23:44,1.9748663101604294,UNKNOWN
2022-01-31T23:45,1.9748663101604294,UNKNOWN
2022-01-31T23:46,1.9748663101604294,UNKNOWN
2022-01-31T23:47,1.9748663101604294,UNKNOWN
2022-01-31T23:48,1.9748663101604294,UNKNOWN
2022-01-31T23:49,1.9748663101604294,UNKNOWN
2022-01-31T23:50,1.9748663101604294,UNKNOWN
2022-01-31T23:51,1.874866310160428,UNKNOWN
2022-01-31T23:52,1.7748663101604265,UNKNOWN
2022-01-31T23:53,1.6748663101604322,UNKNOWN
2022-01-31T23:54,1.5748663101604308,UNKNOWN
2022-01-31T23:55,1.5748663101604308,UNKNOWN
2022-01-31T23:56,1.5748663101604308,UNKNOWN
2022-01-31T23:57,1.5748663101604308,UNKNOWN
2022-01-31T23:58,1.5748663101604308,UNKNOWN
2022-01-31T23:59,1.5748663101604308,UNKNOWN